"product_id";"product_name";"category";"cost_price";"selling_price";"supplier"
"P001";"Macbook Air M2";"Electronics";7800000.0;8500000.0;"Techindo"
"P002";"Gaming Laptop";"Electronics";11000000.0;12500000.0;"GigaTech"
"P003";"iPhone 15";"Electronics";5900000.0;6500000.0;"AppleAsia"
"P004";"Hoodie Oversize";"Fashion";150000.0;350000.0;"FashionHub"
"P005";"Skincare Set";"Beauty";70000.0;120000.0;"GlowFactory"
"P006";"Air Fryer";"Home";500000.0;750000.0;"HomeLiving"
"P007";"Instant Noodles";"Grocery";25000.0;45000.0;"FoodMart"
"P008";"Treadmill";"Sports";1200000.0;1500000.0;"FitnessPro"
"P009";"Face Wash";"Beauty";50000.0;90000.0;"GlowFactory"
